{
  "meta": {
    "year": 2022,
    "source": "dk1_real_settlement",
    "B_E": [
      0.5,
      1,
      2,
      4,
      8,
      16,
      24,
      32,
      48,
      64,
      96,
      128
    ],
    "B_P": 1.0,
    "lags": [
      24,
      48,
      168,
      336
    ],
    "wind_scale_MW": 5.0,
    "DISC": 9.745467985466785,
    "CAPEX_E": 100000.0,
    "CAPEX_P": 75000.0
  },
  "settlement_stats": {
    "up_penalty": {
      "mean": 20.301358664490085,
      "median": 1.0000000010279564e-06,
      "p75": 1.2999999967178155e-05,
      "p90": 58.1020014,
      "p99": 299.80959966000086,
      "frac_nonzero": 0.23127151846135582
    },
    "down_penalty": {
      "mean": 29.020019284577945,
      "median": 3.999999989900971e-06,
      "p75": 35.4950025,
      "p90": 106.051997,
      "p99": 251.5850000000005,
      "frac_nonzero": 0.3631722664133919
    },
    "oneprice_abs_spread": {
      "mean": 48.57189671767778,
      "median": 12.119995000000017,
      "p75": 65.71999349999999,
      "p90": 147.044006,
      "p99": 328.3067983400007,
      "frac_nonzero": 0.5818591950611421
    }
  },
  "summary": {
    "two_price": {
      "single": {
        "b_E_star": 8,
        "npv": 25602958.219083324,
        "lam_eff": 24.647158520814997
      },
      "ensemble": {
        "b_E_star": 8,
        "npv": 27370565.9574441,
        "lam_eff": 27.686568917069376
      },
      "diverge": false
    },
    "one_price": {
      "single": {
        "b_E_star": 8,
        "npv": 26838900.765959207,
        "lam_eff": 6.172832650404698
      },
      "ensemble": {
        "b_E_star": 8,
        "npv": 28737907.677436523,
        "lam_eff": 8.464273175711332
      },
      "diverge": false
    }
  },
  "rows": [
    {
      "b_E": 0.5,
      "policy": "single",
      "arb_rev": 31783.097487000003,
      "wind_da_rev": 2628194.40105604,
      "imb_abs": 8137.6814275512,
      "cost_2p": 209749.5389554031,
      "cost_1p": 48366.23546178184,
      "lam_eff_2p": 25.77509832779497,
      "lam_eff_1p": 5.94349089385971,
      "npv_two_price": 23753618.13725692,
      "npv_one_price": 25326373.954842877
    },
    {
      "b_E": 0.5,
      "policy": "ensemble",
      "arb_rev": 35563.847644,
      "wind_da_rev": 2810535.0293250703,
      "imb_abs": 7975.081229396965,
      "cost_2p": 218604.02961855452,
      "cost_1p": 68376.60328457938,
      "lam_eff_2p": 27.41088439485202,
      "lam_eff_1p": 8.57378142212975,
      "npv_two_price": 25481166.916833386,
      "npv_one_price": 26945203.490710214
    },
    {
      "b_E": 1,
      "policy": "single",
      "arb_rev": 63540.844993000006,
      "wind_da_rev": 2628194.40105604,
      "imb_abs": 8101.652293525133,
      "cost_2p": 208102.79067069056,
      "cost_1p": 48802.23900591546,
      "lam_eff_2p": 25.686462851165185,
      "lam_eff_1p": 6.023739014931357,
      "npv_two_price": 24029160.581555966,
      "npv_one_price": 25581619.00787223
    },
    {
      "b_E": 1,
      "policy": "ensemble",
      "arb_rev": 71027.5598961887,
      "wind_da_rev": 2810535.0293250703,
      "imb_abs": 7947.7059551723205,
      "cost_2p": 217979.98262371664,
      "cost_1p": 69705.52892735312,
      "lam_eff_2p": 27.426779985721105,
      "lam_eff_1p": 8.77052187392378,
      "npv_two_price": 25782859.019242518,
      "npv_one_price": 27227862.96080301
    },
    {
      "b_E": 2,
      "policy": "single",
      "arb_rev": 124372.4882109751,
      "wind_da_rev": 2628194.40105604,
      "imb_abs": 7949.917559464202,
      "cost_2p": 203544.08058351532,
      "cost_1p": 48249.1031220913,
      "lam_eff_2p": 25.60329450727455,
      "lam_eff_1p": 6.069132511273882,
      "npv_two_price": 24566420.176249675,
      "npv_one_price": 26079842.407403767
    },
    {
      "b_E": 2,
      "policy": "ensemble",
      "arb_rev": 137086.4809085769,
      "wind_da_rev": 2810535.0293250703,
      "imb_abs": 7861.737472294918,
      "cost_2p": 216601.41988036231,
      "cost_1p": 70729.46291739985,
      "lam_eff_2p": 27.551342262912556,
      "lam_eff_1p": 8.996670668112914,
      "npv_two_price": 26340068.858204547,
      "npv_one_price": 27761659.344764482
    },
    {
      "b_E": 4,
      "policy": "single",
      "arb_rev": 212207.70408165938,
      "wind_da_rev": 2628194.40105604,
      "imb_abs": 7656.076877813853,
      "cost_2p": 194830.26589609362,
      "cost_1p": 49022.00852832743,
      "lam_eff_2p": 25.44779382514851,
      "lam_eff_1p": 6.403019367580511,
      "npv_two_price": 25307335.662581548,
      "npv_one_price": 26728305.366775814
    },
    {
      "b_E": 4,
      "policy": "ensemble",
      "arb_rev": 233135.27476947033,
      "wind_da_rev": 2810535.0293250703,
      "imb_abs": 7723.894888715509,
      "cost_2p": 209530.23628100744,
      "cost_1p": 64676.17745427809,
      "lam_eff_2p": 27.127535951729207,
      "lam_eff_1p": 8.373518592124938,
      "npv_two_price": 27145021.297205452,
      "npv_one_price": 28556691.89006627
    },
    {
      "b_E": 8,
      "policy": "single",
      "arb_rev": 257953.9811818629,
      "wind_da_rev": 2628194.40105604,
      "imb_abs": 6864.785693436114,
      "cost_2p": 169197.4611975428,
      "cost_1p": 42375.1732664735,
      "lam_eff_2p": 24.647158520814997,
      "lam_eff_1p": 6.172832650404698,
      "npv_two_price": 25602958.219083324,
      "npv_one_price": 26838900.765959207
    },
    {
      "b_E": 8,
      "policy": "ensemble",
      "arb_rev": 289880.24227794586,
      "wind_da_rev": 2810535.0293250703,
      "imb_abs": 7299.09659758652,
      "cost_2p": 202086.94098142578,
      "cost_1p": 61781.54753787743,
      "lam_eff_2p": 27.686568917069376,
      "lam_eff_1p": 8.464273175711332,
      "npv_two_price": 27370565.9574441,
      "npv_one_price": 28737907.677436523
    },
    {
      "b_E": 16,
      "policy": "single",
      "arb_rev": 251317.34005657374,
      "wind_da_rev": 2628194.40105604,
      "imb_abs": 5454.627003798207,
      "cost_2p": 137753.5737398506,
      "cost_1p": 33872.22215719722,
      "lam_eff_2p": 25.25444428077832,
      "lam_eff_1p": 6.2098145544344385,
      "npv_two_price": 25044716.444023352,
      "npv_one_price": 26057088.83015912
    },
    {
      "b_E": 16,
      "policy": "ensemble",
      "arb_rev": 300067.7903487253,
      "wind_da_rev": 2810535.0293250703,
      "imb_abs": 6384.110613100194,
      "cost_2p": 174817.347912578,
      "cost_1p": 52491.039759875064,
      "lam_eff_2p": 27.383195327764657,
      "lam_eff_1p": 8.222138202330557,
      "npv_two_price": 26935603.327247452,
      "npv_one_price": 28127730.447129957
    },
    {
      "b_E": 24,
      "policy": "single",
      "arb_rev": 257272.46665328555,
      "wind_da_rev": 2628194.40105604,
      "imb_abs": 4639.395196386177,
      "cost_2p": 114130.52137227046,
      "cost_1p": 25984.938407744186,
      "lam_eff_2p": 24.600301664572914,
      "lam_eff_1p": 5.600932299965513,
      "npv_two_price": 24532969.640188262,
      "npv_one_price": 25391989.59702936
    },
    {
      "b_E": 24,
      "policy": "ensemble",
      "arb_rev": 310699.07027415006,
      "wind_da_rev": 2810535.0293250703,
      "imb_abs": 5857.395183575222,
      "cost_2p": 160315.27712280478,
      "cost_1p": 46111.831758160086,
      "lam_eff_2p": 27.36972188121204,
      "lam_eff_1p": 7.872412619087528,
      "npv_two_price": 26380539.592009917,
      "npv_one_price": 27493505.61264107
    },
    {
      "b_E": 32,
      "policy": "single",
      "arb_rev": 275711.79653200257,
      "wind_da_rev": 2628194.40105604,
      "imb_abs": 4127.665605726757,
      "cost_2p": 103082.22723458843,
      "cost_1p": 25411.60056834601,
      "lam_eff_2p": 24.973492787683988,
      "lam_eff_1p": 6.156409698762842,
      "npv_two_price": 24020340.33600756,
      "npv_one_price": 24777276.941594567
    },
    {
      "b_E": 32,
      "policy": "ensemble",
      "arb_rev": 320143.2903672133,
      "wind_da_rev": 2810535.0293250703,
      "imb_abs": 5479.167017444858,