{
  "meta": {
    "year": 2021,
    "source": "dk1_real_settlement",
    "B_E": [
      0.5,
      1,
      2,
      4,
      8,
      16,
      24,
      32,
      48,
      64,
      96,
      128
    ],
    "B_P": 1.0,
    "lags": [
      24,
      48,
      168,
      336
    ],
    "wind_scale_MW": 5.0,
    "DISC": 9.745467985466785,
    "CAPEX_E": 100000.0,
    "CAPEX_P": 75000.0
  },
  "settlement_stats": {
    "up_penalty": {
      "mean": 7.757027703589743,
      "median": 9.999999974752427e-07,
      "p75": 3.999999989900971e-06,
      "p90": 22.950999100000008,
      "p99": 131.9878020000002,
      "frac_nonzero": 0.20217948717948717
    },
    "down_penalty": {
      "mean": 11.351527544358975,
      "median": 1.9999999949504854e-06,
      "p75": 10.762500000000003,
      "p90": 37.38099900000001,
      "p99": 130.40059413,
      "frac_nonzero": 0.3393589743589744
    },
    "oneprice_abs_spread": {
      "mean": 18.785189412692308,
      "median": 2.0549985000000035,
      "p75": 23.58250425,
      "p90": 58.39599880000002,
      "p99": 170.51329807000008,
      "frac_nonzero": 0.5296153846153846
    }
  },
  "summary": {
    "two_price": {
      "single": {
        "b_E_star": 4,
        "npv": 10096776.48722626,
        "lam_eff": 10.622463446136887
      },
      "ensemble": {
        "b_E_star": 4,
        "npv": 10817878.244557984,
        "lam_eff": 10.862155338957646
      },
      "diverge": false
    },
    "one_price": {
      "single": {
        "b_E_star": 4,
        "npv": 10639853.89484676,
        "lam_eff": 3.115565824894554
      },
      "ensemble": {
        "b_E_star": 4,
        "npv": 11338250.880735539,
        "lam_eff": 3.4186670066632865
      },
      "diverge": false
    }
  },
  "rows": [
    {
      "b_E": 0.5,
      "policy": "single",
      "arb_rev": 11912.418414673719,
      "wind_da_rev": 1084766.406674102,
      "imb_abs": 7849.804362281494,
      "cost_2p": 84083.76118101102,
      "cost_1p": 24187.072526188822,
      "lam_eff_2p": 10.711574110691929,
      "lam_eff_1p": 3.0812325263045164,
      "npv_two_price": 9743212.777554814,
      "npv_one_price": 10326934.039275855
    },
    {
      "b_E": 0.5,
      "policy": "ensemble",
      "arb_rev": 13884.945060999999,
      "wind_da_rev": 1147588.586586565,
      "imb_abs": 7422.126030269408,
      "cost_2p": 82356.1937759599,
      "cost_1p": 29168.768814813327,
      "lam_eff_2p": 11.096038175596775,
      "lam_eff_1p": 3.929974874564958,
      "npv_two_price": 10391503.468789872,
      "npv_one_price": 10909839.815978143
    },
    {
      "b_E": 1,
      "policy": "single",
      "arb_rev": 23795.898346673723,
      "wind_da_rev": 1084766.406674102,
      "imb_abs": 7811.515993723782,
      "cost_2p": 83365.88169282838,
      "cost_1p": 23754.58671712899,
      "lam_eff_2p": 10.67217704729905,
      "lam_eff_1p": 3.0409701185038576,
      "npv_two_price": 9816018.922357563,
      "npv_one_price": 10396958.889115458
    },
    {
      "b_E": 1,
      "policy": "ensemble",
      "arb_rev": 27760.396673856216,
      "wind_da_rev": 1147588.586586565,
      "imb_abs": 7396.523431586298,
      "cost_2p": 81886.61404029575,
      "cost_1p": 28244.867521958793,
      "lam_eff_2p": 11.070959863468438,
      "lam_eff_1p": 3.818668024675107,
      "npv_two_price": 10481302.512547394,
      "npv_one_price": 11004066.435926372
    },
    {
      "b_E": 2,
      "policy": "single",
      "arb_rev": 46671.06195012277,
      "wind_da_rev": 1084766.406674102,
      "imb_abs": 7682.414284404926,
      "cost_2p": 82226.37516527908,
      "cost_1p": 23883.397755126964,
      "lam_eff_2p": 10.703194610605184,
      "lam_eff_1p": 3.1088401212115775,
      "npv_two_price": 9950053.121300753,
      "npv_one_price": 10518632.739828203
    },
    {
      "b_E": 2,
      "policy": "ensemble",
      "arb_rev": 52776.48827226803,
      "wind_da_rev": 1147588.586586565,
      "imb_abs": 7320.831459064674,
      "cost_2p": 80114.24350345515,
      "cost_1p": 26478.304249025987,
      "lam_eff_2p": 10.943325761755855,
      "lam_eff_1p": 3.616843851286929,
      "npv_two_price": 10642368.612666387,
      "npv_one_price": 11165075.941540869
    },
    {
      "b_E": 4,
      "policy": "single",
      "arb_rev": 78876.6060869695,
      "wind_da_rev": 1084766.406674102,
      "imb_abs": 7423.326184478867,
      "cost_2p": 78854.01104337757,
      "cost_1p": 23127.861367407244,
      "lam_eff_2p": 10.622463446136887,
      "lam_eff_1p": 3.115565824894554,
      "npv_two_price": 10096776.48722626,
      "npv_one_price": 10639853.89484676
    },
    {
      "b_E": 4,
      "policy": "ensemble",
      "arb_rev": 89114.37719870306,
      "wind_da_rev": 1147588.586586565,
      "imb_abs": 7173.568339661281,
      "cost_2p": 77920.41364002932,
      "cost_1p": 24524.041402844356,
      "lam_eff_2p": 10.862155338957646,
      "lam_eff_1p": 3.4186670066632865,
      "npv_two_price": 10817878.244557984,
      "npv_one_price": 11338250.880735539
    },
    {
      "b_E": 8,
      "policy": "single",
      "arb_rev": 97739.90775923117,
      "wind_da_rev": 1084766.406674102,
      "imb_abs": 6709.3828134582955,
      "cost_2p": 71558.89539331009,
      "cost_1p": 21273.257247952595,
      "lam_eff_2p": 10.665495975243907,
      "lam_eff_1p": 3.1706727488079447,
      "npv_two_price": 9951702.505791496,
      "npv_one_price": 10441759.582465846
    },
    {
      "b_E": 8,
      "policy": "ensemble",
      "arb_rev": 116715.1690845715,
      "wind_da_rev": 1147588.586586565,
      "imb_abs": 6673.754638981671,
      "cost_2p": 72417.63468061604,
      "cost_1p": 19433.092731236007,
      "lam_eff_2p": 10.85110834875794,
      "lam_eff_1p": 2.911868023694867,
      "npv_two_price": 10740488.03443531,
      "npv_one_price": 11256847.191727614
    },
    {
      "b_E": 16,
      "policy": "single",
      "arb_rev": 93959.69294373193,
      "wind_da_rev": 1084766.406674102,
      "imb_abs": 5390.7394195752095,
      "cost_2p": 57955.43923628093,
      "cost_1p": 16601.17402242749,
      "lam_eff_2p": 10.750925749782915,
      "lam_eff_1p": 3.0795727135584055,
      "npv_two_price": 9247434.589798892,
      "npv_one_price": 9650451.257503003
    },
    {
      "b_E": 16,
      "policy": "ensemble",
      "arb_rev": 126215.13183884103,
      "wind_da_rev": 1147588.586586565,
      "imb_abs": 5763.2295779822125,
      "cost_2p": 63670.7073355929,
      "cost_1p": 17055.634895658888,
      "lam_eff_2p": 11.0477478771347,
      "lam_eff_1p": 2.9593884236050694,
      "npv_two_price": 10118312.517732296,
      "npv_one_price": 10572598.21383589
    },
    {
      "b_E": 24,
      "policy": "single",
      "arb_rev": 96772.1873437354,
      "wind_da_rev": 1084766.406674102,
      "imb_abs": 4572.675843532231,
      "cost_2p": 49720.6541330091,
      "cost_1p": 15003.52162094741,
      "lam_eff_2p": 10.873426377541263,
      "lam_eff_1p": 3.281125129866568,
      "npv_two_price": 8555095.498524565,
      "npv_one_price": 8893430.20196807
    },
    {
      "b_E": 24,
      "policy": "ensemble",
      "arb_rev": 129562.98315693528,
      "wind_da_rev": 1147588.586586565,
      "imb_abs": 5179.752860510873,
      "cost_2p": 56068.8152041149,
      "cost_1p": 11648.293708230067,
      "lam_eff_2p": 10.824612045020407,
      "lam_eff_1p": 2.2488126406635565,
      "npv_two_price": 9425022.891969178,
      "npv_one_price": 9857921.662105061
    },
    {
      "b_E": 32,
      "policy": "single",
      "arb_rev": 104735.72260089227,
      "wind_da_rev": 1084766.406674102,
      "imb_abs": 4162.342657951671,
      "cost_2p": 45347.70114023838,
      "cost_1p": 11690.765686584153,
      "lam_eff_2p": 10.894754436809011,
      "lam_eff_1p": 2.8086985256368324,
      "npv_two_price": 7875320.349817319,
      "npv_one_price": 8203322.936769828
    },
    {
      "b_E": 32,
      "policy": "ensemble",
      "arb_rev": 133751.89614724924,
      "wind_da_rev": 1147588.586586565,
      "imb_abs": 4788.977174545588,