{
  "meta": {
    "year": 2021,
    "source": "dk1_real_settlement",
    "B_E": [
      0.5,
      1,
      2,
      4,
      8,
      16,
      24,
      32,
      48,
      64,
      96,
      128
    ],
    "B_P": 1.0,
    "lags": [
      24,
      48,
      168,
      336
    ],
    "wind_scale_MW": 5.0,
    "DISC": 9.745467985466785,
    "CAPEX_E": 100000.0,
    "CAPEX_P": 75000.0
  },
  "settlement_stats": {
    "up_penalty": {
      "mean": 7.757027703589743,
      "median": 9.999999974752427e-07,
      "p75": 3.999999989900971e-06,
      "p90": 22.950999100000008,
      "p99": 131.9878020000002,
      "frac_nonzero": 0.20217948717948717
    },
    "down_penalty": {
      "mean": 11.351527544358975,
      "median": 1.9999999949504854e-06,
      "p75": 10.762500000000003,
      "p90": 37.38099900000001,
      "p99": 130.40059413,
      "frac_nonzero": 0.3393589743589744
    },
    "oneprice_abs_spread": {
      "mean": 18.785189412692308,
      "median": 2.0549985000000035,
      "p75": 23.58250425,
      "p90": 58.39599880000002,
      "p99": 170.51329807000008,
      "frac_nonzero": 0.5296153846153846
    }
  },
  "summary": {
    "two_price": {
      "single": {
        "b_E_star": 0.5,
        "npv": 8554687.741733652,
        "lam_eff": 10.701421764742799
      },
      "ensemble": {
        "b_E_star": 0.5,
        "npv": 8574091.895546624,
        "lam_eff": 11.096032107906582
      },
      "diverge": false
    },
    "one_price": {
      "single": {
        "b_E_star": 0.5,
        "npv": 9138814.991980556,
        "lam_eff": 3.0655418661456992
      },
      "ensemble": {
        "b_E_star": 0.5,
        "npv": 9092428.242734894,
        "lam_eff": 3.929968806874766
      },
      "diverge": false
    }
  },
  "rows": [
    {
      "b_E": 0.5,
      "policy": "single",
      "arb_rev": 11920.497542912552,
      "wind_da_rev": 1084766.406674102,
      "imb_abs": 7849.566607086059,
      "p_dot_r": -122047.00920417038,
      "cost_2p": 84001.52293286903,
      "cost_1p": 24063.175065121563,
      "lam_eff_2p": 10.701421764742799,
      "lam_eff_1p": 3.0655418661456992,
      "npv_two_price": 8554687.741733652,
      "npv_one_price": 9138814.991980556
    },
    {
      "b_E": 0.5,
      "policy": "ensemble",
      "arb_rev": 13886.310063,
      "wind_da_rev": 1147588.586586565,
      "imb_abs": 7422.126030269408,
      "p_dot_r": -186489.2807021224,
      "cost_2p": 82356.14874079857,
      "cost_1p": 29168.72377965201,
      "lam_eff_2p": 11.096032107906582,
      "lam_eff_1p": 3.929968806874766,
      "npv_two_price": 8574091.895546624,
      "npv_one_price": 9092428.242734894
    },
    {
      "b_E": 1,
      "policy": "single",
      "arb_rev": 23832.69191712277,
      "wind_da_rev": 1084766.406674102,
      "imb_abs": 7810.234252729273,
      "p_dot_r": -131492.7602201836,
      "cost_2p": 83379.47503198816,
      "cost_1p": 23708.814261726213,
      "lam_eff_2p": 10.67566891516107,
      "lam_eff_1p": 3.0356085995040685,
      "npv_two_price": 8534786.53442239,
      "npv_one_price": 9116305.048630625
    },
    {
      "b_E": 1,
      "policy": "ensemble",
      "arb_rev": 27763.126677856213,
      "wind_da_rev": 1147588.586586565,
      "imb_abs": 7396.523431586298,
      "p_dot_r": -198066.89376528864,
      "cost_2p": 81886.60290795752,
      "cost_1p": 28244.856389620556,
      "lam_eff_2p": 11.070958358391312,
      "lam_eff_1p": 3.81866651959798,
      "npv_two_price": 8551074.654033352,
      "npv_one_price": 9073838.57741233
    },
    {
      "b_E": 2,
      "policy": "single",
      "arb_rev": 46769.23194912277,
      "wind_da_rev": 1084766.406674102,
      "imb_abs": 7682.414284404926,
      "p_dot_r": -148473.28684193562,
      "cost_2p": 82205.78336795706,
      "cost_1p": 23764.235961804945,
      "lam_eff_2p": 10.70051422959998,
      "lam_eff_1p": 3.093329138737759,
      "npv_two_price": 8504268.846969597,
      "npv_one_price": 9073809.076237392
    },
    {
      "b_E": 2,
      "policy": "ensemble",
      "arb_rev": 52779.218276268024,
      "wind_da_rev": 1147588.586586565,
      "imb_abs": 7320.831459064674,
      "p_dot_r": -217157.0260815423,
      "cost_2p": 80114.13167492222,
      "cost_1p": 26478.19242049305,
      "lam_eff_2p": 10.94331048636896,
      "lam_eff_1p": 3.616828575900034,
      "npv_two_price": 8526099.46215751,
      "npv_one_price": 9048806.791031992
    },
    {
      "b_E": 4,
      "policy": "single",
      "arb_rev": 78993.8560679695,
      "wind_da_rev": 1084766.406674102,
      "imb_abs": 7423.326184478867,
      "p_dot_r": -166321.54398847872,
      "cost_2p": 78842.55104922333,
      "cost_1p": 23010.231377253003,
      "lam_eff_2p": 10.620919664566545,
      "lam_eff_1p": 3.0997198298202453,
      "npv_two_price": 8477149.54393541,
      "npv_one_price": 9021261.627852945
    },
    {
      "b_E": 4,
      "policy": "ensemble",
      "arb_rev": 89111.64719470305,
      "wind_da_rev": 1147588.586586565,
      "imb_abs": 7173.568339661281,
      "p_dot_r": -238295.75472131028,
      "cost_2p": 77920.52546856226,
      "cost_1p": 24524.15323137729,
      "lam_eff_2p": 10.862170927926433,
      "lam_eff_1p": 3.4186825956320734,
      "npv_two_price": 8495546.90086084,
      "npv_one_price": 9015919.537038393
    },
    {
      "b_E": 8,
      "policy": "single",
      "arb_rev": 97732.86775923116,
      "wind_da_rev": 1084766.406674102,
      "imb_abs": 6709.810417347741,
      "p_dot_r": -168757.66745506553,
      "cost_2p": 71566.48504513732,
      "cost_1p": 21258.408218023767,
      "lam_eff_2p": 10.665947410392882,
      "lam_eff_1p": 3.168257654949781,
      "npv_two_price": 8306937.487502586,
      "npv_one_price": 8797213.239631625
    },
    {
      "b_E": 8,
      "policy": "ensemble",
      "arb_rev": 116715.1690845715,
      "wind_da_rev": 1147588.586586565,
      "imb_abs": 6673.754638981671,
      "p_dot_r": -244707.49355061867,
      "cost_2p": 72417.63468061604,
      "cost_1p": 19433.092731236007,
      "lam_eff_2p": 10.85110834875794,
      "lam_eff_1p": 2.911868023694867,
      "npv_two_price": 8355698.990233935,
      "npv_one_price": 8872058.14752624
    },
    {
      "b_E": 16,
      "policy": "single",
      "arb_rev": 94012.89293973194,
      "wind_da_rev": 1084766.406674102,
      "imb_abs": 5388.7394195752095,
      "p_dot_r": -144944.78969475752,
      "cost_2p": 57953.467226526496,
      "cost_1p": 16632.313995925793,
      "lam_eff_2p": 10.75454994465012,
      "lam_eff_1p": 3.0864943915281966,
      "npv_two_price": 7835417.45918419,
      "npv_one_price": 8238111.435115576
    },
    {
      "b_E": 16,
      "policy": "ensemble",
      "arb_rev": 126215.13183884103,
      "wind_da_rev": 1147588.586586565,
      "imb_abs": 5763.2295779822125,
      "p_dot_r": -229084.47994064327,
      "cost_2p": 63670.7073355929,
      "cost_1p": 17055.63489565889,
      "lam_eff_2p": 11.0477478771347,
      "lam_eff_1p": 2.95938842360507,
      "npv_two_price": 7885777.05250345,
      "npv_one_price": 8340062.748607041
    },
    {
      "b_E": 24,
      "policy": "single",
      "arb_rev": 96758.85736573538,
      "wind_da_rev": 1084766.406674102,
      "imb_abs": 4572.675843532231,
      "p_dot_r": -129164.92352016232,
      "cost_2p": 49783.26737801916,
      "cost_1p": 15066.134866072622,
      "lam_eff_2p": 10.887119288902698,
      "lam_eff_1p": 3.294818041253185,
      "npv_two_price": 7295582.769265,
      "npv_one_price": 7633917.472707383
    },
    {
      "b_E": 24,
      "policy": "ensemble",
      "arb_rev": 129562.98315693528,
      "wind_da_rev": 1147588.586586565,
      "imb_abs": 5179.752860510873,
      "p_dot_r": -215870.90812680952,
      "cost_2p": 56068.8152041149,
      "cost_1p": 11648.293708230067,
      "lam_eff_2p": 10.824612045020407,
      "lam_eff_1p": 2.2488126406635565,
      "npv_two_price": 7321259.867825715,
      "npv_one_price": 7754158.637961598
    },
    {
      "b_E": 32,
      "policy": "single",