{
  "meta": {
    "year": 2023,
    "source": "dk1_real_settlement",
    "B_E": [
      0.5,
      1,
      2,
      4,
      8,
      16,
      24,
      32,
      48,
      64,
      96,
      128
    ],
    "B_P": 1.0,
    "lags": [
      24,
      48,
      168,
      336
    ],
    "wind_scale_MW": 5.0,
    "DISC": 9.745467985466785,
    "CAPEX_E": 100000.0,
    "CAPEX_P": 75000.0
  },
  "settlement_stats": {
    "up_penalty": {
      "mean": 13.528489349637896,
      "median": 9.999999974752427e-07,
      "p75": 6.999999982326699e-06,
      "p90": 25.993999800000005,
      "p99": 305.2606016600022,
      "frac_nonzero": 0.24361866318413866
    },
    "down_penalty": {
      "mean": 12.390305726938143,
      "median": 1.9999999949504854e-06,
      "p75": 14.810001500000002,
      "p90": 43.676000800000004,
      "p99": 102.58459822000005,
      "frac_nonzero": 0.3482132256915588
    },
    "oneprice_abs_spread": {
      "mean": 25.49006020052238,
      "median": 5.76,
      "p75": 27.614997000000002,
      "p90": 64.81800620000001,
      "p99": 311.8415986600001,
      "frac_nonzero": 0.5767541256084531
    }
  },
  "summary": {
    "two_price": {
      "single": {
        "b_E_star": 0.5,
        "npv": 7859897.7043263875,
        "lam_eff": 14.68738767330869
      },
      "ensemble": {
        "b_E_star": 0.5,
        "npv": 7918000.099299847,
        "lam_eff": 14.619648435816826
      },
      "diverge": false
    },
    "one_price": {
      "single": {
        "b_E_star": 0.5,
        "npv": 8776244.126105707,
        "lam_eff": 4.462528063996439
      },
      "ensemble": {
        "b_E_star": 2,
        "npv": 8776736.09990575,
        "lam_eff": 4.436309286088146
      },
      "diverge": true
    }
  },
  "rows": [
    {
      "b_E": 0.5,
      "policy": "single",
      "arb_rev": 14805.600482230522,
      "wind_da_rev": 1098837.7714227475,
      "imb_abs": 9196.014247886917,
      "p_dot_r": -159233.22903396038,
      "cost_2p": 135065.42630798538,
      "cost_1p": 41037.47165810647,
      "lam_eff_2p": 14.68738767330869,
      "lam_eff_1p": 4.462528063996439,
      "npv_two_price": 7859897.7043263875,
      "npv_one_price": 8776244.126105707
    },
    {
      "b_E": 0.5,
      "policy": "ensemble",
      "arb_rev": 17363.747497,
      "wind_da_rev": 1186297.387805978,
      "imb_abs": 8856.872671492185,
      "p_dot_r": -248870.0627799359,
      "cost_2p": 129484.3646980095,
      "cost_1p": 41846.86538149872,
      "lam_eff_2p": 14.619648435816826,
      "lam_eff_1p": 4.724790220389209,
      "npv_two_price": 7918000.099299847,
      "npv_one_price": 8772068.54321527
    },
    {
      "b_E": 1,
      "policy": "single",
      "arb_rev": 29562.78298123052,
      "wind_da_rev": 1098837.7714227475,
      "imb_abs": 9146.383542023279,
      "p_dot_r": -170901.80198112436,
      "cost_2p": 139216.11472636554,
      "cost_1p": 44686.72874779403,
      "lam_eff_2p": 15.220891851597274,
      "lam_eff_1p": 4.885726532511979,
      "npv_two_price": 7799547.248734441,
      "npv_one_price": 8720780.353474442
    },
    {
      "b_E": 1,
      "policy": "ensemble",
      "arb_rev": 34727.494994,
      "wind_da_rev": 1186297.387805978,
      "imb_abs": 8833.613626735207,
      "p_dot_r": -262751.81910866563,
      "cost_2p": 129935.04053460997,
      "cost_1p": 41761.82965302597,
      "lam_eff_2p": 14.709160489129559,
      "lam_eff_1p": 4.727604287177842,
      "npv_two_price": 7897541.685818489,
      "npv_one_price": 8756830.889640776
    },
    {
      "b_E": 2,
      "policy": "single",
      "arb_rev": 57451.43331084405,
      "wind_da_rev": 1098837.7714227475,
      "imb_abs": 9000.996472706142,
      "p_dot_r": -189562.9460810636,
      "cost_2p": 138717.67708220505,
      "cost_1p": 42962.423360218956,
      "lam_eff_2p": 15.411368897081648,
      "lam_eff_1p": 4.7730741246810355,
      "npv_two_price": 7794331.123385345,
      "npv_one_price": 8727510.882973209
    },
    {
      "b_E": 2,
      "policy": "ensemble",
      "arb_rev": 65306.510137,
      "wind_da_rev": 1186297.387805978,
      "imb_abs": 8747.704043556216,
      "p_dot_r": -283981.45391521126,
      "cost_2p": 127511.75155899509,
      "cost_1p": 38807.52068037926,
      "lam_eff_2p": 14.57659643308618,
      "lam_eff_1p": 4.436309286088146,
      "npv_two_price": 7912271.857702745,
      "npv_one_price": 8776736.09990575
    },
    {
      "b_E": 4,
      "policy": "single",
      "arb_rev": 96933.86657051183,
      "wind_da_rev": 1098837.7714227475,
      "imb_abs": 8682.88697802291,
      "p_dot_r": -209922.4754508657,
      "cost_2p": 132782.23694674767,
      "cost_1p": 40495.86119803451,
      "lam_eff_2p": 15.292406463752235,
      "lam_eff_1p": 4.663870588265494,
      "npv_two_price": 7838536.412852945,
      "npv_one_price": 8737910.333206786
    },
    {
      "b_E": 4,
      "policy": "ensemble",
      "arb_rev": 108278.800261,
      "wind_da_rev": 1186297.387805978,
      "imb_abs": 8554.170307234994,
      "p_dot_r": -305848.5251930845,
      "cost_2p": 127537.69599229311,
      "cost_1p": 40344.7960689012,
      "lam_eff_2p": 14.909417443375375,
      "lam_eff_1p": 4.7163891552145225,
      "npv_two_price": 7917699.251649838,
      "npv_one_price": 8767434.866413264
    },
    {
      "b_E": 8,
      "policy": "single",
      "arb_rev": 117664.27820723051,
      "wind_da_rev": 1098837.7714227475,
      "imb_abs": 7836.935171102097,
      "p_dot_r": -211928.12980882725,
      "cost_2p": 123217.08837731977,
      "cost_1p": 39176.56258099725,
      "lam_eff_2p": 15.722611669887263,
      "lam_eff_1p": 4.998964738850571,
      "npv_two_price": 7714234.784608301,
      "npv_one_price": 8533249.038238158
    },
    {
      "b_E": 8,
      "policy": "ensemble",
      "arb_rev": 136357.5530661729,
      "wind_da_rev": 1186297.387805978,
      "imb_abs": 8045.016265061188,
      "p_dot_r": -309625.0177208567,
      "cost_2p": 118329.06332292948,
      "cost_1p": 36849.48229654705,
      "lam_eff_2p": 14.708368438833665,
      "lam_eff_1p": 4.580411161700341,
      "npv_two_price": 7844278.586026935,
      "npv_one_price": 8638335.234388791
    },
    {
      "b_E": 16,
      "policy": "single",
      "arb_rev": 111248.25897994885,
      "wind_da_rev": 1098837.7714227475,
      "imb_abs": 6266.394815937818,
      "p_dot_r": -184719.4565909822,
      "cost_2p": 99338.68016769571,
      "cost_1p": 34023.223613723254,
      "lam_eff_2p": 15.852604740933302,
      "lam_eff_1p": 5.429473343618454,
      "npv_two_price": 7349575.191157024,
      "npv_one_price": 7986104.88195991
    },
    {
      "b_E": 16,
      "policy": "ensemble",
      "arb_rev": 135108.39947341286,
      "wind_da_rev": 1186297.387805978,
      "imb_abs": 6968.21680187717,
      "p_dot_r": -282407.2327574704,
      "cost_2p": 101803.39591548376,
      "cost_1p": 34061.81386632945,
      "lam_eff_2p": 14.609676881474027,
      "lam_eff_1p": 4.888167925135959,
      "npv_two_price": 7458405.414333496,
      "npv_one_price": 8118578.8334784005
    },
    {
      "b_E": 24,
      "policy": "single",
      "arb_rev": 111906.60758055758,
      "wind_da_rev": 1098837.7714227475,
      "imb_abs": 5337.581752239483,
      "p_dot_r": -166556.89360350277,
      "cost_2p": 88413.12736345333,
      "cost_1p": 31399.405745343065,
      "lam_eff_2p": 16.564266641229043,
      "lam_eff_1p": 5.8827025426203265,
      "npv_two_price": 6839468.407573307,
      "npv_one_price": 7395093.8063349165
    },
    {
      "b_E": 24,
      "policy": "ensemble",
      "arb_rev": 136591.20050988244,
      "wind_da_rev": 1186297.387805978,
      "imb_abs": 6338.27795153177,
      "p_dot_r": -261846.82594419952,
      "cost_2p": 91569.18808885742,
      "cost_1p": 31661.31398131712,
      "lam_eff_2p": 14.447013650880981,
      "lam_eff_1p": 4.995254897848955,
      "npv_two_price": 6972963.935461134,
      "npv_one_price": 7556794.2046535425
    },
    {
      "b_E": 32,
      "policy": "single",