{
  "meta": {
    "year": 2023,
    "source": "dk1_real_settlement",
    "B_E": [
      0.5,
      1,
      2,
      4,
      8,
      16,
      24,
      32,
      48,
      64,
      96,
      128
    ],
    "B_P": 1.0,
    "lags": [
      24,
      48,
      168,
      336
    ],
    "wind_scale_MW": 5.0,
    "DISC": 9.745467985466785,
    "CAPEX_E": 100000.0,
    "CAPEX_P": 75000.0
  },
  "settlement_stats": {
    "up_penalty": {
      "mean": 13.528489349637896,
      "median": 9.999999974752427e-07,
      "p75": 6.999999982326699e-06,
      "p90": 25.993999800000005,
      "p99": 305.2606016600022,
      "frac_nonzero": 0.24361866318413866
    },
    "down_penalty": {
      "mean": 12.390305726938145,
      "median": 1.9999999949504854e-06,
      "p75": 14.810001500000002,
      "p90": 43.676000800000004,
      "p99": 102.58459822000005,
      "frac_nonzero": 0.3482132256915588
    },
    "oneprice_abs_spread": {
      "mean": 25.49006020052238,
      "median": 5.76,
      "p75": 27.614997000000002,
      "p90": 64.81800620000001,
      "p99": 311.8415986600001,
      "frac_nonzero": 0.5767541256084531
    }
  },
  "summary": {
    "two_price": {
      "single": {
        "b_E_star": 4,
        "npv": 9883877.103594685,
        "lam_eff": 15.296711258203247
      },
      "ensemble": {
        "b_E_star": 4,
        "npv": 10898336.262321277,
        "lam_eff": 14.909417443375375
      },
      "diverge": false
    },
    "one_price": {
      "single": {
        "b_E_star": 4,
        "npv": 10781873.682539148,
        "lam_eff": 4.684452397483209
      },
      "ensemble": {
        "b_E_star": 4,
        "npv": 11748071.877084702,
        "lam_eff": 4.7163891552145225
      },
      "diverge": false
    }
  },
  "rows": [
    {
      "b_E": 0.5,
      "policy": "single",
      "arb_rev": 14823.430462730517,
      "wind_da_rev": 1098837.7714227478,
      "imb_abs": 9197.232369739146,
      "cost_2p": 135079.31649734668,
      "cost_1p": 40940.897892197296,
      "lam_eff_2p": 14.686952668694815,
      "lam_eff_1p": 4.4514367199095215,
      "npv_two_price": 9411738.435207764,
      "npv_one_price": 10329161.379926717
    },
    {
      "b_E": 0.5,
      "policy": "ensemble",
      "arb_rev": 17363.747496999997,
      "wind_da_rev": 1186297.3878059783,
      "imb_abs": 8856.872671492185,
      "cost_2p": 129484.36469800955,
      "cost_1p": 41846.865381498734,
      "lam_eff_2p": 14.61964843581683,
      "lam_eff_1p": 4.7247902203892105,
      "npv_two_price": 10343355.328662822,
      "npv_one_price": 11197423.772578245
    },
    {
      "b_E": 1,
      "policy": "single",
      "arb_rev": 29583.232936230525,
      "wind_da_rev": 1098837.7714227478,
      "imb_abs": 9147.965619284168,
      "cost_2p": 139254.6639013862,
      "cost_1p": 44602.83498743653,
      "lam_eff_2p": 15.222473465338945,
      "lam_eff_1p": 4.875710823990473,
      "npv_two_price": 9464888.903230801,
      "npv_one_price": 10387315.271677578
    },
    {
      "b_E": 1,
      "policy": "ensemble",
      "arb_rev": 34727.494994,
      "wind_da_rev": 1186297.3878059783,
      "imb_abs": 8833.613626735209,
      "cost_2p": 129935.04053461,
      "cost_1p": 41761.82965302598,
      "lam_eff_2p": 14.709160489129559,
      "lam_eff_1p": 4.727604287177843,
      "npv_two_price": 10458181.127065152,
      "npv_one_price": 11317470.330887439
    },
    {
      "b_E": 2,
      "policy": "single",
      "arb_rev": 57490.72328784405,
      "wind_da_rev": 1098837.7714227478,
      "imb_abs": 9001.981843484127,
      "cost_2p": 138788.04298217306,
      "cost_1p": 43097.82667682711,
      "lam_eff_2p": 15.417498656990908,
      "lam_eff_1p": 4.787593157391498,
      "npv_two_price": 9641407.896236716,
      "npv_one_price": 10573953.835762857
    },
    {
      "b_E": 2,
      "policy": "ensemble",
      "arb_rev": 65306.510137,
      "wind_da_rev": 1186297.3878059783,
      "imb_abs": 8747.704043556218,
      "cost_2p": 127511.7515589951,
      "cost_1p": 38807.520680379275,
      "lam_eff_2p": 14.576596433086179,
      "lam_eff_1p": 4.436309286088147,
      "npv_two_price": 10679804.02529975,
      "npv_one_price": 11544268.267502755
    },
    {
      "b_E": 4,
      "policy": "single",
      "arb_rev": 96924.85657051182,
      "wind_da_rev": 1098837.7714227478,
      "imb_abs": 8682.886978022912,
      "cost_2p": 132819.61499042946,
      "cost_1p": 40674.57072127517,
      "lam_eff_2p": 15.296711258203247,
      "lam_eff_1p": 4.684452397483209,
      "npv_two_price": 9883877.103594685,
      "npv_one_price": 10781873.682539148
    },
    {
      "b_E": 4,
      "policy": "ensemble",
      "arb_rev": 108278.800261,
      "wind_da_rev": 1186297.3878059783,
      "imb_abs": 8554.170307234996,
      "cost_2p": 127537.69599229313,
      "cost_1p": 40344.79606890121,
      "lam_eff_2p": 14.909417443375375,
      "lam_eff_1p": 4.7163891552145225,
      "npv_two_price": 10898336.262321277,
      "npv_one_price": 11748071.877084702
    },
    {
      "b_E": 8,
      "policy": "single",
      "arb_rev": 117754.04819123053,
      "wind_da_rev": 1098837.7714227478,
      "imb_abs": 7836.935171102099,
      "cost_2p": 123068.20838531977,
      "cost_1p": 38978.00259699725,
      "lam_eff_2p": 15.70361444855653,
      "lam_eff_1p": 4.973628305708674,
      "npv_two_price": 9781899.344580919,
      "npv_one_price": 10601397.75298233
    },
    {
      "b_E": 8,
      "policy": "ensemble",
      "arb_rev": 136357.5530661729,
      "wind_da_rev": 1186297.3878059783,
      "imb_abs": 8045.01626506119,
      "cost_2p": 118329.06332292949,
      "cost_1p": 36849.48229654707,
      "lam_eff_2p": 14.708368438833665,
      "lam_eff_1p": 4.580411161700341,
      "npv_two_price": 10861719.283725131,
      "npv_one_price": 11655775.932086987
    },
    {
      "b_E": 16,
      "policy": "single",
      "arb_rev": 111140.12898294884,
      "wind_da_rev": 1098837.7714227478,
      "imb_abs": 6266.39481593782,
      "cost_2p": 99177.51016669572,
      "cost_1p": 33740.83361072327,
      "lam_eff_2p": 15.826885008019232,
      "lam_eff_1p": 5.384409154193018,
      "npv_two_price": 9150269.641318195,
      "npv_one_price": 9787980.677769769
    },
    {
      "b_E": 16,
      "policy": "ensemble",
      "arb_rev": 135108.39947341286,
      "wind_da_rev": 1186297.3878059783,
      "imb_abs": 6968.216801877171,
      "cost_2p": 101803.3959154838,
      "cost_1p": 34061.81386632946,
      "lam_eff_2p": 14.609676881474028,
      "lam_eff_1p": 4.888167925135959,
      "npv_two_price": 10210596.060035693,
      "npv_one_price": 10870769.479180599
    },
    {
      "b_E": 24,
      "policy": "single",
      "arb_rev": 111987.75756755758,
      "wind_da_rev": 1098837.7714227478,
      "imb_abs": 5332.039591458711,
      "cost_2p": 88235.99206697861,
      "cost_1p": 31205.500572694255,
      "lam_eff_2p": 16.54826273389307,
      "lam_eff_1p": 5.852451025060229,
      "npv_two_price": 8465160.392906262,
      "npv_one_price": 9020949.221959248
    },
    {
      "b_E": 24,
      "policy": "ensemble",
      "arb_rev": 136591.20050988242,
      "wind_da_rev": 1186297.3878059783,
      "imb_abs": 6338.27795153177,
      "cost_2p": 91569.18808885744,
      "cost_1p": 31661.313981317122,
      "lam_eff_2p": 14.447013650880985,
      "lam_eff_1p": 4.995254897848956,
      "npv_two_price": 9524783.794796426,
      "npv_one_price": 10108614.063988833
    },
    {
      "b_E": 32,
      "policy": "single",
      "arb_rev": 115231.95708204767,
      "wind_da_rev": 1098837.7714227478,
      "imb_abs": 4793.975060922889,
      "cost_2p": 80748.3435802911,
      "cost_1p": 29914.872705034428,
      "lam_eff_2p": 16.84371373528719,
      "lam_eff_1p": 6.24009769030286,
      "npv_two_price": 7769747.274026634,
      "npv_one_price": 8265143.237031607
    },
    {
      "b_E": 32,
      "policy": "ensemble",
      "arb_rev": 141484.08619243558,
      "wind_da_rev": 1186297.3878059783,
      "imb_abs": 5920.1716898976865,