{
  "meta": {
    "year": 2022,
    "source": "dk1_real_settlement",
    "B_E": [
      0.5,
      1,
      2,
      4,
      8,
      16,
      24,
      32,
      48,
      64,
      96,
      128
    ],
    "B_P": 1.0,
    "lags": [
      24,
      48,
      168,
      336
    ],
    "wind_scale_MW": 5.0,
    "DISC": 9.745467985466785,
    "CAPEX_E": 100000.0,
    "CAPEX_P": 75000.0
  },
  "settlement_stats": {
    "up_penalty": {
      "mean": 20.301358664490085,
      "median": 1.0000000010279564e-06,
      "p75": 1.2999999967178155e-05,
      "p90": 58.1020014,
      "p99": 299.80959966000086,
      "frac_nonzero": 0.23127151846135582
    },
    "down_penalty": {
      "mean": 29.02001928457794,
      "median": 3.999999989900971e-06,
      "p75": 35.4950025,
      "p90": 106.051997,
      "p99": 251.5850000000005,
      "frac_nonzero": 0.3631722664133919
    },
    "oneprice_abs_spread": {
      "mean": 48.57189671767779,
      "median": 12.119995000000017,
      "p75": 65.71999349999999,
      "p90": 147.044006,
      "p99": 328.3067983400007,
      "frac_nonzero": 0.5818591950611421
    }
  },
  "summary": {
    "two_price": {
      "single": {
        "b_E_star": 8,
        "npv": 22348220.77865736,
        "lam_eff": 24.665378382683013
      },
      "ensemble": {
        "b_E_star": 8,
        "npv": 21975640.02936063,
        "lam_eff": 27.68656891706938
      },
      "diverge": false
    },
    "one_price": {
      "single": {
        "b_E_star": 8,
        "npv": 23584290.81491012,
        "lam_eff": 6.189146857111438
      },
      "ensemble": {
        "b_E_star": 8,
        "npv": 23342981.749353055,
        "lam_eff": 8.464273175711332
      },
      "diverge": false
    }
  },
  "rows": [
    {
      "b_E": 0.5,
      "policy": "single",
      "arb_rev": 31877.352484,
      "wind_da_rev": 2628194.4010560396,
      "imb_abs": 8137.729122117021,
      "p_dot_r": -222753.46946886234,
      "cost_2p": 209782.64659728776,
      "cost_1p": 48406.57456276321,
      "lam_eff_2p": 25.779015674917556,
      "lam_eff_1p": 5.948413105961224,
      "npv_two_price": 21583377.24148814,
      "npv_one_price": 23156062.585120976
    },
    {
      "b_E": 0.5,
      "policy": "ensemble",
      "arb_rev": 35563.847643999994,
      "wind_da_rev": 2810535.029325071,
      "imb_abs": 7975.081229396965,
      "p_dot_r": -408879.73348996026,
      "cost_2p": 218604.02961855452,
      "cost_1p": 68376.60328457938,
      "lam_eff_2p": 27.41088439485202,
      "lam_eff_1p": 8.57378142212975,
      "npv_two_price": 21496442.564200792,
      "npv_one_price": 22960479.138077617
    },
    {
      "b_E": 1,
      "policy": "single",
      "arb_rev": 63754.704968,
      "wind_da_rev": 2628194.4010560396,
      "imb_abs": 8101.0074855750445,
      "p_dot_r": -247204.28862601623,
      "cost_2p": 208073.06651783723,
      "cost_1p": 48775.01632575142,
      "lam_eff_2p": 25.684838199241252,
      "lam_eff_1p": 6.020858073838597,
      "npv_two_price": 21622412.942200795,
      "npv_one_price": 23174846.99049505
    },
    {
      "b_E": 1,
      "policy": "ensemble",
      "arb_rev": 71027.55989618869,
      "wind_da_rev": 2810535.029325071,
      "imb_abs": 7947.705955172322,
      "p_dot_r": -437758.0024842188,
      "cost_2p": 217979.98262371667,
      "cost_1p": 69705.52892735312,
      "lam_eff_2p": 27.426779985721105,
      "lam_eff_1p": 8.770521873923778,
      "npv_two_price": 21516702.42065068,
      "npv_one_price": 22961706.36221117
    },
    {
      "b_E": 2,
      "policy": "single",
      "arb_rev": 124449.73820597511,
      "wind_da_rev": 2628194.4010560396,
      "imb_abs": 7949.917559464202,
      "p_dot_r": -287706.2247092864,
      "cost_2p": 203560.55730257207,
      "cost_1p": 48202.239840283226,
      "lam_eff_2p": 25.605367072044377,
      "lam_eff_1p": 6.0632376977166915,
      "npv_two_price": 21763180.63814088,
      "npv_one_price": 23277220.147245605
    },
    {
      "b_E": 2,
      "policy": "ensemble",
      "arb_rev": 137086.4809085769,
      "wind_da_rev": 2810535.029325071,
      "imb_abs": 7861.737472294918,
      "p_dot_r": -485610.16874131816,
      "cost_2p": 216601.41988036234,
      "cost_1p": 70729.46291739987,
      "lam_eff_2p": 27.55134226291256,
      "lam_eff_1p": 8.996670668112916,
      "npv_two_price": 21607570.505318914,
      "npv_one_price": 23029160.99187885
    },
    {
      "b_E": 4,
      "policy": "single",
      "arb_rev": 212201.74407365936,
      "wind_da_rev": 2628194.4010560396,
      "imb_abs": 7654.076877813854,
      "p_dot_r": -330536.57389342494,
      "cost_2p": 194985.7901674505,
      "cost_1p": 49177.532802449685,
      "lam_eff_2p": 25.4747624409989,
      "lam_eff_1p": 6.425011609825338,
      "npv_two_price": 22084528.323802665,
      "npv_one_price": 23505498.027969982
    },
    {
      "b_E": 4,
      "policy": "ensemble",
      "arb_rev": 233135.27476947033,
      "wind_da_rev": 2810535.029325071,
      "imb_abs": 7723.894888715509,
      "p_dot_r": -538359.9685547749,
      "cost_2p": 209530.2362810074,
      "cost_1p": 64676.17745427809,
      "lam_eff_2p": 27.127535951729204,
      "lam_eff_1p": 8.373518592124938,
      "npv_two_price": 21898451.45899799,
      "npv_one_price": 23310122.051858805
    },
    {
      "b_E": 8,
      "policy": "single",
      "arb_rev": 257890.22117186294,
      "wind_da_rev": 2628194.4010560396,
      "imb_abs": 6864.785693436114,
      "p_dot_r": -333785.6278811208,
      "cost_2p": 169322.53664463075,
      "cost_1p": 42487.16679927369,
      "lam_eff_2p": 24.665378382683013,
      "lam_eff_1p": 6.189146857111438,
      "npv_two_price": 22348220.77865736,
      "npv_one_price": 23584290.81491012
    },
    {
      "b_E": 8,
      "policy": "ensemble",
      "arb_rev": 289880.2422779458,
      "wind_da_rev": 2810535.029325071,
      "imb_abs": 7299.09659758652,
      "p_dot_r": -553583.053797808,
      "cost_2p": 202086.9409814258,
      "cost_1p": 61781.54753787743,
      "lam_eff_2p": 27.68656891706938,
      "lam_eff_1p": 8.464273175711332,
      "npv_two_price": 21975640.02936063,
      "npv_one_price": 23342981.749353055
    },
    {
      "b_E": 16,
      "policy": "single",
      "arb_rev": 251365.81006457377,
      "wind_da_rev": 2628194.4010560396,
      "imb_abs": 5455.233732014491,
      "p_dot_r": -291762.11998368765,
      "cost_2p": 137815.67192285208,
      "cost_1p": 33921.238421381626,
      "lam_eff_2p": 25.263018725314996,
      "lam_eff_1p": 6.218109083449904,
      "npv_two_price": 22201225.231407218,
      "npv_one_price": 23213725.10696401
    },
    {
      "b_E": 16,
      "policy": "ensemble",
      "arb_rev": 300067.79034872534,
      "wind_da_rev": 2810535.029325071,
      "imb_abs": 6384.110613100195,
      "p_dot_r": -521907.5874824437,
      "cost_2p": 174817.347912578,
      "cost_1p": 52491.03975987507,
      "lam_eff_2p": 27.383195327764653,
      "lam_eff_1p": 8.222138202330557,
      "npv_two_price": 21849369.642065097,
      "npv_one_price": 23041496.761947606
    },
    {
      "b_E": 24,
      "policy": "single",
      "arb_rev": 257238.1766452855,
      "wind_da_rev": 2628194.4010560396,
      "imb_abs": 4638.788468169895,
      "p_dot_r": -270050.2417189543,
      "cost_2p": 114130.52137456485,
      "cost_1p": 25972.21751248678,
      "lam_eff_2p": 24.603519250273525,
      "lam_eff_1p": 5.598922583062597,
      "npv_two_price": 21900869.482851073,
      "npv_one_price": 22760013.410792008
    },
    {
      "b_E": 24,
      "policy": "ensemble",
      "arb_rev": 310699.07027415006,
      "wind_da_rev": 2810535.029325071,
      "imb_abs": 5857.395183575222,
      "p_dot_r": -496300.74246818153,
      "cost_2p": 160315.27712280478,
      "cost_1p": 46111.831758160086,
      "lam_eff_2p": 27.36972188121204,
      "lam_eff_1p": 7.872412619087528,
      "npv_two_price": 21543856.595122863,
      "npv_one_price": 22656822.615754016
    },
    {
      "b_E": 32,
      "policy": "single",