{
  "horizon": 96,
  "b_E": 4.0,
  "b_P": 1.0,
  "hydesign_merchant_revenue": 1654.099996,
  "qp_revenue": 1654.099996,
  "lp_revenue": 1654.099996,
  "hydesign_merchant_actions_mean_abs": 0.6041666666666666,
  "qp_actions_mean_abs": 0.6041666666666666,
  "lp_actions_mean_abs": 0.6041666666666666,
  "hydesign_merchant_actions": [
    1.0,
    -1.0,
    0.0,
    1.0,
    -1.0,
    -1.0,
    -1.0,
    0.0,
    0.0,
    0.0,
    0.0,
    0.0,
    0.0,
    0.0,
    0.0,
    0.0,
    1.0,
    1.0,
    1.0,
    1.0,
    0.0,
    0.0,
    0.0,
    0.0,
    0.0,
    0.0,
    0.0,
    -1.0,
    -1.0,
    -1.0,
    -1.0,
    0.0,
    0.0,
    0.0,
    1.0,
    1.0,
    0.0,
    -1.0,
    -1.0,
    1.0,
    1.0,
    1.0,
    1.0,
    0.0,
    0.0,
    -1.0,
    1.0,
    0.0,
    -1.0,
    1.0,
    -1.0,
    -1.0,
    -1.0,
    -1.0,
    0.0,
    0.0,
    1.0,
    1.0,
    1.0,
    0.0,
    -1.0,
    -1.0,
    -1.0,
    0.0,
    1.0,
    1.0,
    1.0,
    0.0,
    1.0,
    -1.0,
    -1.0,
    -1.0,
    -1.0,
    1.0,
    1.0,
    -1.0,
    -1.0,
    0.0,
    0.0,
    1.0,
    1.0,
    1.0,
    1.0,
    0.0,
    0.0,
    -1.0,
    -1.0,
    -1.0,
    1.0,
    1.0,
    1.0,
    0.0,
    0.0,
    0.0,
    0.0,
    0.0
  ],
  "qp_actions": [
    1.0,
    -1.0,
    -0.0,
    1.0,
    -1.0,
    -1.0,
    -1.0,
    -0.0,
    -0.0,
    -0.0,
    -0.0,
    -0.0,
    -0.0,
    -0.0,
    -0.0,
    -0.0,
    1.0,
    1.0,
    1.0,
    1.0,
    -0.0,
    -0.0,
    -0.0,
    -0.0,
    -0.0,
    -0.0,
    -0.0,
    -1.0,
    -1.0,
    -1.0,
    -1.0,
    -0.0,
    -0.0,
    -0.0,
    1.0,
    1.0,
    -0.0,
    -1.0,
    -1.0,
    1.0,
    1.0,
    1.0,
    1.0,
    -0.0,
    -0.0,
    -1.0,
    1.0,
    -0.0,
    -1.0,
    1.0,
    -1.0,
    -1.0,
    -1.0,
    -1.0,
    -0.0,
    -0.0,
    1.0,
    1.0,
    1.0,
    -0.0,
    -1.0,
    -1.0,
    -1.0,
    -0.0,
    1.0,
    1.0,
    1.0,
    -0.0,
    1.0,
    -1.0,
    -1.0,
    -1.0,
    -1.0,
    1.0,
    1.0,
    -1.0,
    -1.0,
    -0.0,
    -0.0,
    1.0,
    1.0,
    1.0,
    1.0,
    -0.0,
    -0.0,
    -1.0,
    -1.0,
    -1.0,
    1.0,
    1.0,
    1.0,
    -0.0,
    -0.0,
    -0.0,
    -0.0,
    -0.0
  ],
  "lp_actions": [
    1.0,
    -1.0,
    -0.0,
    1.0,
    -1.0,
    -1.0,
    -1.0,
    -0.0,
    -0.0,
    -0.0,
    -0.0,
    -0.0,
    -0.0,
    -0.0,
    -0.0,
    -0.0,
    1.0,
    1.0,
    1.0,
    1.0,
    -0.0,
    -0.0,
    -0.0,
    -0.0,
    -0.0,
    -0.0,
    -0.0,
    -1.0,
    -1.0,
    -1.0,
    -1.0,
    -0.0,
    -0.0,
    -0.0,
    1.0,
    1.0,
    -0.0,
    -1.0,
    -1.0,
    1.0,
    1.0,
    1.0,
    1.0,
    -0.0,
    -0.0,
    -1.0,
    1.0,
    -0.0,
    -1.0,
    1.0,
    -1.0,
    -1.0,
    -1.0,
    -1.0,
    -0.0,
    -0.0,
    1.0,
    1.0,
    1.0,
    -0.0,
    -1.0,
    -1.0,
    -1.0,
    -0.0,
    1.0,
    1.0,
    1.0,
    -0.0,
    1.0,
    -1.0,
    -1.0,
    -1.0,
    -1.0,
    1.0,
    1.0,
    -1.0,
    -1.0,
    -0.0,
    -0.0,
    1.0,
    1.0,
    1.0,
    1.0,
    -0.0,
    -0.0,
    -1.0,
    -1.0,
    -1.0,
    1.0,
    1.0,
    1.0,
    -0.0,
    -0.0,
    -0.0,
    -0.0,
    -0.0
  ],
  "corr_hydesign_qp": 0.9999999999999999,
  "corr_hydesign_lp": 0.9999999999999999,
  "revenue_rel_diff_vs_qp": 0.0,
  "revenue_rel_diff_vs_lp": 0.0,
  "verdict": "OUTCOME 1: identical to QP-single (correlation>0.99, revenue<1%)"
}